"1","init.MRTDEOBWGU3S2ML4GE2TA.base64.CapTechUtest.org"
"1","0.goqBVy2Yy6g6VjYLHFtVBD6ek1V6Pw_vGM-R2561uaGtGAVei6cdFgDPYKjwc1t.E51FivX5_TuT1GxGZkJULMAou8Jl4409OefLYd-7X4VJMotRSeN_xgA2Zl19WXX.Q7U7rJpC-Q-Xyf4shoyPFodbjGAhHCaMX7Ci5uqA19IAYKKxG9uNNrxPVnVD19O.kDKr.CapTechUtest.org"
"1","1.Lf3Dopp_TutMnuCr5K1h4tYPMHKxTLg53ucJs2eJ494shD7deCQ0tzidoUiVsk2.KSHwQqUlY3jVlHRg_zB2Y5uwNrPETjD6Z1ScM6fIf21QyseJXSVAZbJJLEO4829.HeeLvSWdae05Tgtoh04BcC8uhUb0TSflp3o6jQLyCwoHQEcN1cBeiPK7fgOSroE.ZE-J.CapTechUtest.org"
"1","2.d1Ivdya-fMRMs-2umJ2vJZFDgW85g8AmFJuTgVxSEYZWPo6NdnVXZdvv2niwsSW.T6yH4cWi5ASPUR_irJ9pCU7Ez_FnqGCak3UMS4i1K4FOMnt_LRImRvU8ieaNhcv.R3nnSXSIjrzbYmKEbRv8Q7jTJTPQor28cQz-vh7zpo0BrX6bpUVPpfSZSQZ6WAR.rIV8.CapTechUtest.org"
"1","3.rhg7yMkBufnb7tfBeb51fMdmwfGk8d9pXy3L15ISQCF_jrIIzjZmfRt65TmIHoE.qlm6P_k-fiamM9LTer2opde1X2EDcnp2pElHjh6gN6YluWfttSzrILqHnLBLoh6.jhoWftPJMb9bIK0Yn3h57f-B2RCAgRZCZTs9KLHHu1gxkc78nbF-qEZScISx8nb.KD2e.CapTechUtest.org"
"1","4.ZQs5MrFw1wht33L8vBUnXx-bpr5zMHF_ioZoLbJoQjSkB6773bIBiKulDTb-Q_Q.UEW_LsXQ1MYOwNjCO9iX_SCMbk4_5nFkqhUOiLjfO9m4AjBQMn_SgngoPfrmMQF.1d8V0JJL4vTVWMyjlWmZHwnGona-H0IBKgsRznXQ_1qGrR7cFbFXkjMVCFMmBqZ.fd6p.CapTechUtest.org"
"1","5.cl5lhxA2VYZfwDtcUUy-geZYIEwWpMQgnkFEAMPa61eTqgQtTcw454vF_o0R6s5.IKCdiQGjSmIxr_F2YrErGYoIt5D-Z2RM24vgl62duwB6d-pPfWNwbKMLfhFUsYs.VKylncSkgJ8wtOK-juo1y5IyqzLLuUllh74ImMSaWtrqKYgkv11tLkTgD6U3dQA.kqt2.CapTechUtest.org"
"1","6.r44zcD0uUT4uP_if5m0e77yRc-M8pKug7mucPUIyMxS9qpqOYr6Qum095udE4LW.zJpSiD4mLmg13JyS6NE_-2Tm3iHKfKUwYb7v4LzbHoU7J54LLIBx5jqknvKM1S4.gaD0OcJOTP_uKZvpp0-hxKhuSg3iRUCWWWgv3kfoOhRrRFuzxUKv3gsU-ENfXeW.pPlP.CapTechUtest.org"
"1","7.c7IpLBkeZoXl3znR6GTORXxBHI6MI3TxooS0FAQtqE9NU6zxf5uMA63oAOS3DKZ.FP72Q_0-1Z_pmKr9j3Tg_p5OjEN_9DOBSA8qdY5QOCcuFCxz9TXpg_Vbf2FiuNQ.YngLuP2ZHycz5QJEEA7bL9RE4shBO6eHlOiX9YGGHb_q8LBma0now24IbTbe-s4.wm4C.CapTechUtest.org"
"1","8.eiMRGDpPF9shHjj9VxTMAHJKUzdyQ4PA5VIXGhszgEO_Gcc1cp01lOWoonxHTRw.6TQ89nReqIr90v5xQBr2VoI37z0oPfbgT8cyTdxVlFL0L9oNPucB8rLAejp3qWr.ZBSj5yxGKTa6JsPuEsLnjL4iPidH8XVanjoUc2g8yJiKKzax7WfcsXvYEHVClY_.t9mH.CapTechUtest.org"
"1","9.msmuY6WhfDHayNzWLDpa-9lhlSY6vYLbHqHcccu_ohAHehUfCrckstA3oJBD-Ko.VATuboVETK1rQ-ZZC6R6sxVj8KClkMBVYtuZ22acyFRDfwXw80JOs7DhKzHxl6F.5gDNacclvuxVpEcREnv-keP8S7cXKnmGRRmeiI6xE3tjN-ZA38LbqYwiQitOhQd.XDi0.CapTechUtest.org"
"1","10.MusEAsA7sCWexb1IY3CjkLkAKUmS3K9LmdL_LOLmxWUcU0zhuEvSg8VnggeFVv5.Gl2wGK2lWbIkAiVIYO8n12UI7sh35WwVAyTm5EwCQ0Rb8itt6U7Rxcc-9URE_qK.5M3x_k94IZbH9WYgxgB3m4IE1OKrsrifmXdbDhxiVSTzEaq93Z1sd-3tUpwfCQh.IE_N.CapTechUtest.org"
"1","11.Ekkhc6VzNdJby9hAd05XCNRGVFwueY8eDuWrC7ib_GUeB2t2NETjczsxo0HqCDZ.j2ojE8RqBkPWDES-91iYwFPStM1znOApcCOvEtrg1zVwllYLzFz01ca-AP77tud.Eyw7z7Mle3DZ4yEkaZeDw3Kix_rDyN7MHtnHihZB40GGHbPkNgocBzeUlZI2O8D.iwuW.CapTechUtest.org"
"1","12.9k8BZ3GhhVevNuzB7HGJ9Y62dpEYCKfkMhZyFhBPQYxgiAILx1q2vLaR9ixFoKu.rxiBtbNy4zYeEt2Lb8fWu4emfoN-ykJg4rn-fZNNLyBejw4JOLadE-JBYO64H2I.2y7GtdFHOzOCwChq8sRJWx_SRw6MGATi5erMLHV70eq2aI1l0Y-I4W50wAhDekA.aPdA.CapTechUtest.org"
"1","13.lHyG7xU6gZKKvsTjfAmR5nboLVx9q4CiYhrnPoWd1eg-t2XXrEEqiGxNcL7pJKd.AdbMU3_YfksaelS4bL0YliJtknO7tau-2gqTLUcq--gZdwQOPc5V9OC83Dt0YMu.7Fa8UJECXZW4KWwKGl-R66dlYVYd7tWlm09GSeCU8k-oUe20sF5vHdrVVHD07ix.2Ofi.CapTechUtest.org"
"1","14.kESFSeNiPio9zSobmkHhp6smvq9MMrcFu8NyElobtVjoirCIxxbrEDvgdDIjXon.8ePX6Jtb7RR-Z2fN6Z5ykZY6ANNVZB9FHHBDLrLxX5fw34Hcgk9XEX4sw6StkJA.wTqYaiYkajEB4HaFqyBns5wbUmJn8WoulCzrso6iuTgywEmZP8UIgMqBRKa8gQG.Fm2d.CapTechUtest.org"
"1","15.iD0OsP9S61NNKcKjGT2MokqeXgZ90zhl1ol51eR0UjSjJtYbkZbMUeIT-ekUEb9.TYuyETTsr4pJf9QSDUsuTTds16cdzVmEH8oQO6C1Ux8YVt5qBE0HIxdFCvZWLBO.RvFk9nWIC_1UP8dcllwqpyp7kQU1wcGJyeSngVkktsy7EQI6jM0P-Lzo0GaeAHp.XuCr.CapTechUtest.org"
"1","16.6rXrN97WoJlM35Wv692MivgqVjUfZekaSZePodmdhwsByHOst_2WyGFj8Cc_Y-L.u2aQefqDvHfuOksH6yor9EJpRDl833d69QFK1kRivYIWbqxvrurRqPg7heAeuwm.hQ00gPgth9sdgteT1KFERkG7RI1s39SLt2mDNxOBx2JJFYXLGR04OQBUyvZOAy1.lMG6.CapTechUtest.org"
"1","17.s7y-m9KhKGKIyujcglDeA3yaILY_Xhcp9H8jEoXWpqCI14zDlwGZkXYpmtD9zam.a3-lBZNUatpQ-9ebqGxBQ7OmGLiUQvlS1v8HrZYIukMCYcWrKh9edDWdXvo2qYs.8GXqidGU0Vp2-H99t-rNuzs_SQEauO0nLWpPP4jPcxy4QBuzkzqRY9Rwvle4Ape.ckNx.CapTechUtest.org"
"1","18.VAzrdeQwIsQN8-sMdaVH4VY8yboh53nNkqIP1SS8qBM64BAOmEUqXl67ZQ_VrAc.5EfqfrrQwAsIond2NiekBOQFIcI03-5MiBWljyaAriTQCkwm2aOcYOfwRdwDg0A.w7Q90sC5mxLTJdbxXw-4HIbCeUpGYaLskBxcbuCUA7pY8Sdbi7GJxzbH6KNgGcB.G9x-.CapTechUtest.org"
"1","19.IRfhJUMzQxLy_auaN2A1Z3fDVA4KOWYU0V6hqYCdLu-w-xOsZrOwGitEuDsd94R.snX16Y-mQ9gPr1aloMq0g6n2-duaFeTaFwDWp2Bay295dau5nyvFFwnpkrvkGxO.ImGh7A9_KS2fF3aiRtxX9XK3C_TVqRf_sg4ep8afM0dfruL9cG7T1zuFkJoDi1J.UuiD.CapTechUtest.org"
"1","20.aZZYC-Hpxothd5T6qQaBDQk2RIb1KkqD0Jc1IWBmyeywfObgAAUSADb-6J2qAY_.Vtf_B0b2h-R8jVGu_eS203lU50jU8CPCMu1kr7lyEBXamJMFjUb56gGO4vbQHWj.wtuDArw2EA2_Gy9q5OmFS8_SQ37KHpE7eUXYZKKqCWEyRXlrLAwDV8Dg2z662sR.10wg.CapTechUtest.org"
"1","21.oUgFjXddOmlIVjzIfJNk5-YFrEuMkUfWzhyQICWOVARqCfx3_62mawGXDpu8plh.MPF0o2DtTYTyx-GKy5SVZl1io9id3XVgdIG18qANqAebbg1XD37wp0cdbsr5V53.CZI9wYOxfqu-GqdXMz6DUnMSAuJfFkaCmHR9orsklV-DVHyzpZ1s9lLfF5AcH6F.l8Lq.CapTechUtest.org"
"1","22.BwS8rJHP2eEe5hsid5D000NHwGZ9tMuf6Ojugjux6T1h_RYMry2LTm80DxoGetH.qM_O8EbU9JlIyJGaWHWWesibEuEJkGn0KrVP38XdCyM00sFT8RA5tNGFnlRg6cM.05LKSThGF0-Wf7LAn1f3dxyDqflQBpQg6hzZ91TGuXiz2LAUEJiZMamZZ99Aakp.99zV.CapTechUtest.org"
"1","23.PP4ksuMhmG7Fp9NhUI4Aj3jgYEvZYCXGlAKeCPnpWlPGM4y7dUCF8jT4uWsWX2B.yr1hhHlA-B-0dpJufnm-CFhEz662_ws3ajbqRMaZtmhlhAOnXidlMY6WvUIqzWZ.xbvjAgkfjnrQbF9y7vAW__zY0FOBHShrBsJVOH58KwhakhF561BLi-SyYqaalgV.Lepl.CapTechUtest.org"
"1","24.faEDec385nnNi_WqSO7p5YvGEB4ktxNTQT0xVlPWECNGhcbAK5ZfoYJacc_KQmy.RROqPMchRrNZRbaDotRny6m7SHKKl3eJSaMdZk-flm1AZzASiLwsy5DETGZgXNX.o4Um8z0eXI0aG4Kvh1OeKhAN8yLI-iVVaHlMVUu53LUQmCoL0wk1ia3KhoaIMqn.TjGH.CapTechUtest.org"
"1","25.yiPONxRecMpaxzUwwRzO2XKvVwAHU_IUu8IGxmHWF1i-SBijMaVYwbKfsK-uZZj.9TJ2xiqLctMDq1Rp_dTZ1eMERB50O9GzIF9srU3l8WSDZGNIgflngj2vEbF6hzi.cVWJdgQNKvNnL2k0Dg_--g4HY18kqBg_R7Y8Ni-FuHmhSN9Qrit2Wu43OEmeJdv.Q4NP.CapTechUtest.org"
"1","26.wtHC89IKEoZXQAEoia68iJHh9FrV_SDDaBl7oJv9ZZhBS8WUoF6_18HyMa5tnOF.qmmBOJ-PYqoGgkofj11T9cMYA_3u9eORDMxC302QKJVPfmt_P1tzIfq3hUsxGF4.CQlSf7F-Qr-sES8XGf1LhmoHe9uw4522e__BKbF5JmmAPt_E1EpsHkYjVKYF3aI.fuFb.CapTechUtest.org"
"1","27.e1iqVpQrgPxWTcwslIfKZIZpeI-DUWh5o0gEEMbo5gd8xOM51ALyxHJ9j6uN_CJ.gBOvi3lH4WAfMFK3eAxyZo2Uyu0eQSjvAj-qkP179EcFuMEb2SfiHIoRGdZEP6U.ycj1bE4ukxlKKY09z-ykHCas7pJ5x_zyYz_V6QZH_6ONkXLKQET1sqSyyrNOqCn.B_C7.CapTechUtest.org"
"1","28.wg6LLxpDQoMQnXbYZ6_ZRsMs-ifLnbkXf0kfNZRkvvFyaAakJS_egCscRUAsjS3.13T8jQ6Z_849dD9LWBc9SgqHlEfuzyeCaUJydcqWg-xj2dZ1QxFvQastDK_rNGl.Um0D9oQx8tQa48YCFNlVqLwCxO4P0zps1JwTXrmvfzpJ2iIHkcBSiD3VupSA6-e.jsqq.CapTechUtest.org"
"1","29.qxGimlydW57E-mUd7dYMiDNwsbjHb9Vu_LXjtSHm_97eVutB5SfkCsyG5RMVeRh.pJoiDFtr-MaLGSN9WcuKbC7Ue3WO-V11g3gS9Hofb59heLD2ngqXgBcEIKcTYtB.pttwtzaU_uAjPrbEg7-W6iS98ivLUOo1O4I0yYGJiJNLS4utkyiI6cRfudNN_s_.ViRd.CapTechUtest.org"
"1","30.lgqIkfNo_j0XngVR6Wi8pJtz9dM-kkaym4W89smmnk9bwRNVzticNay-_FuZb7S.9Szg2R3Pdm3SnW1TYtWnVTZ83OwBTJF9BzkgH9Gu76exaFIjknDSqAnGh_4bDNq.WCbhyfXt3JZVMXIBH_3IzMd-0nyw7C5XqiqWmO6AaKZqJJyyq_tgsw_GlD8q8Qy.H4BY.CapTechUtest.org"
"1","31.J_viATpWEYKqaVTI4rqtXu0zyv5mXdkcIYHtwIhC2ebg8vq3uczGI23ftoMfKYD.LUL81bxN5kD-WDpzKC6NhVVWg-CwmKRlZGQL7ML_imt2L6aK2Mntf8yPIXfd0To.6agL9vUixGVkX-dszbEXMWLOsho35SlztbIqaNcELj9byCxF_6_rfcIHDkVXy2U.8GVL.CapTechUtest.org"
"1","32.IdZJ3-wSdkBn3gsFWO3dT_ibT0IQbRgUVOsFnBjgFLQVCXdjWoLfvHCwYxqehVi.H33V63Jo7wC21gdADJ-bbmI701hxA8ge5pYg-vmNX7BmCVH2aNm6_KqBkSRDbHK.yQYp1tS24M_h0T78SngP_LCAdgizwJ9De4Uyl5fRZOyos7LvD_xW_QBr1v78ctM.yubv.CapTechUtest.org"
"1","33.I_sf8RvSdTkWYzIIlAY-RDYXLA6wLs2ZHqOi3TAlVYBUxUZ-FraZd60V5jOwXHy.CDjlEmAg2izLnbUmaVQZi4oPY0GVe40OkblOszbUWpp0Z9swrlyHuP4DXjO7v9f.1XY2TmrkadHG76bEqAEDRE937pho3yuzEdSiK0yu0sdQ6vvfTu1Z_rV33tgCIoQ.3_qj.CapTechUtest.org"
"1","34.Yy-2eSf5zah0GW1E_Ii1F2EVfKig2yclB3kpb34nJCAH24PnKiAPtswA7H5p2HB.c0xCemNrK5JP8Cr6Wx1VMd89VdkcDA5OCTMy6sPapfwbsTO6g8hgtbTZuGFwQvZ.cTxpO_WQU4UFPDCKEDgGFZfF9zpr_e__wIzQ7DwroZxq6kSP9EHrEh8C6t0bNrT.hQAx.CapTechUtest.org"
"1","35.RTvYHXw1JKAeXcFoGCMm6CJyZRMQnuetf_-SrT49oAyMBQz8lWBpzm13BTk6hzK.8jVJVQtJ5gp5sRYg9Lo-VNjmr-Up6tc9S36nm12KqeWTaJJeshH6nwxU9eWZNO-.pAp71XD8O5IXA_gvb1aFAKYJCzPBBs6Uhv_nDrAuZ5f4zYhZf6R7MsPWVXYCnFf.bVnL.CapTechUtest.org"
"1","36.dQ1ICHi_UiHhOxVEWClgtFFHTwCGhrot4nE45pjh8znvX4CQUW0KxD6P_ZD9F8R.SoQPP8J1EABOJgWTKtBmuEAfN3OrqFdz3tfB1ml6CreamCksn9t1gxz2ZBy5Gr_.QEpxMeFH1ncSlD3qoKDcWFTG8zw9FS8m2lLvZwE-IbpdbO6-ohku8hcAWN8eol_.mPv7.CapTechUtest.org"
"1","37.YQIUYL2nORx1xdCEElVTloWTkKYiHMXujYYHPrOsG4mGNBGHRHeEN6tcoVk0BX6.-vRsDcgOliukz7SgcWP1bO3J2iyqdZ-4s-pFdPPu_57LCjybD18vwZt90hWHdt4.wvmkAxrBxpXevO3JkmJ2wA0TpjyJG-sHSXcwezU_2ShpN5NP_u4MxQBc-gC3U1w.M38L.CapTechUtest.org"
"1","38.ErNYj5Z4OeV-dg0vVLupbipAM8RfoRY311Gv9MH03pCUcR5c--YcIY3ot1PcuyQ.9IeROHI10vpH20SUbMucrqSeHzLwnJ-5wpQBCag6Eoiclc8VbALOt6iDGABZG9d.g12w0SIyoSG4uYJO6miD5SFJRfRp-sam00EDeSVaEJaiH61522hVJ4m-vUku35d.mFQq.CapTechUtest.org"
"1","39.UEaH0l5c9xT1XK2WMKf8Ht7QPsS8pE8rDhM7HtpHhtWMK_OR9VsmdWG5u4EDXFS.XzE1Bs5DkkUePgophvKkumEWw3E01ZTyqJo_1BhqQILAlWBp1s0Mz4PY2iarMDG.-YdHep1KsUfANhv8HZqvDBUQulvjx4adkH_JMo0ww2CgnPV8mQmSlUGGRLbHpr2.gn_g.CapTechUtest.org"
"1","40.6FcgBVpAVuZC3UhLZZaPsN9QDfvJxWPpz5Z14HrApJESn_t6VTVF1FzTKEUaUd0.-VRPcZtY6bgeLnIVES4P9xo64xUJjxWa0J-CjWj2b3yqrBFPYd9OljMbulc6BN_.sBDHH8EgQAiQC8PsorI_h7lj34CoGa6qUrXtTbyr5mUswRdRv5ihS005ocYXZDQ.dK5C.CapTechUtest.org"
"1","41.DIo9kAMp4BCgAjnEwosBPqy4abpcA6sV8du1jb-a6e1RFPxJ9CWvT0fPzHVWnyB.4KTgpx7PgYzonh9zbxT-BYDjpEpu3SkGpszauJQ45h5egwgGc7XldpsbvfD7IW2.YZw7Gr9tdOzIDPrK-qYB56e7cQLZxe1EBL37psAQkGtHLN4OjJ2sqJ1OQKwtqKT.vSXh.CapTechUtest.org"
"1","42.8ubXhOKi1qSaXmg_LwjGrKhhBRWTBCG0D9q57Bz4VerJhb0WC-jof44_owXXshj.eKA0WbNph6DsQe33gJrENtIRjPf7THPQSstDx72liMNcoZT8p_abfD5P0v3wq2P.MngIiPFWniu9yaUjKJqcC7tWBsSIGjaYfaUl_ZuP0-5iNtOgdupjPzlrZNqXMn7.twn4.CapTechUtest.org"
"1","43.Ehv8PcCtAeQMgYdTRxXbZDgS6DwzuBibNDERp7amsKbUN6cehP1sRECmmUPZbTK.Et2V5lrccwQaiKcLum8tam22KJZjRCYj4YTtkU52Z4CbuZxfslK8Y3VsBT_F5XR.p0hFzLmCFaBPc7uSSeAiCVTmoNIdnKeCPuplcOz73FuJvlZ-4FS_3ZUcNBukY07.YCRz.CapTechUtest.org"
"1","44.an2lLk9dLJLwI2aPqCF_l8cbf3KYL9WXmwAQ_7XCicPS_QRWxhTbXTWZoBQyKje.XySiHwnj7Z0DzA21FhoUge7Afsa-g3m6iV8DV1EJdyXFTO0Gy1PcDlPFYxJQYZm.P4X82hWk3d_M-vtyn-6MZUw6GZDT4JSKhPVBmC5Sww2AvMp7jMREU-6cLsC6RiL.2L4r.CapTechUtest.org"
"1","45.eEna23Aq-CTz5d1eSmkV8Hkd8_bvE0ht61MabFK-l7jxl037rvGg3Hy7-2q7ZiJ.VtiILl7TzIK16o3xVPvK9gidxyCfgStAJFUimZz8YYit3yEg7MUlMit9iWgbTT5.2BBc0J0S4AfkRVlvN_H6zaU-DYrI-AKQbUT1WCuxeNBxz9kf8AgYcVMKICQDuK3.cuWk.CapTechUtest.org"
"1","46.iqnr78DOtcHWoF4x_1vUcbp5bix5Ib5nKuAELIvKuRI9xol3EIujiMusTC-BF1M.Emcrjfyh9-Bqvc7a3gsZ1FhW7BN-gZ0xYXI8jpgFQTxZV6KfRKPWwqYcsXYyR7v.9r6GwsirTenWgZvt608a2cduyvJhVgiy--wTijsRPFrBWAHsm2m80fg3gja9560.PDIV.CapTechUtest.org"
"1","47.cwrX6ZijKN32e2Ot8LdA-VbAJli2a5rn7BlCFs5TMCdSdUR9zDc5swSzs6mdpZ6.J6h0q-yr6FZST6FPKJHkVaubh2aIl52uGeNQ7-RIZYPfVSv-bEcU85vMB0oUYCj.xHDBJq0hXGfYLN3fFo4MMAC9likR5jav3mSuAr5GLYIsOGp0Br72-PQ7Y0Z5E6W.i4ku.CapTechUtest.org"
"1","48.OmvLzVM0rUbdnxOhQqzz7Phjzx8uk_D-pmWi0FBgWYetjTJx13frTrZNYZkvsj6.VgPrQogzeskou0EQ4qWAwdGKvSrvMBcwkCQE_6VRyRKE2cDlS3gbmkG3mnDg1oq.7pRe2vQXYM3_PnHkhUbSLe-ErFjV8ZYqVmZP_w_YgSvLYXVzRL78F5RLYgK86KD.UPKG.CapTechUtest.org"
"1","49.gZ2eWH5o2aYVB4WptT6toIufc3J6kFYMhp-Jk5h5fLjKumHrb-eKMsKTEdUeleZ.kx0dOAFiwnf7zYgqPkTz56IKw9stT1oxeQS4FQ4pSjXei8v3mC9MijAwuPeeF7G.QiRBCNwUwg_0MTaoa3YYp55DXE1i-NspfOkMZR5BpWSPhqe6SWvVVZt0vPanqNG.S-aJ.CapTechUtest.org"
"1","50.SQctRjo8WUNIcAeeShXrgoeI7qnRADYRinr8oHMXgykRJW08Og-zs_bYJh6HQ_k.babDQjB5W_AmaYj35ipP1Zg3Hqabg1__SNGHhQw2rjcHRiJsUCSWeB2SHV0jW2V.m3g6_UE8bX8FrZv3FCxTq5CkqEltaT82iZIHf8MFVlXVv16qiDi84vdsPCnACSc.R1iO.CapTechUtest.org"
"1","51.xEu7-qgzmjJTZRuEKrhxGKifgLLv16JD3lb_nHFsOgn1TDx2_eRHtYEMKYnWFFJ.gq7Uug00kesmuNSURSDv0jq8tKSZ4NCDfowXANgokGxZqow_rJiAtpVQIh9pygM.JNusAtlVUoJ3sdYcjzcEcvUQt_J2M41Bw-C2HpIUkIPYCkFvqTQCP3D5hIldlJc.BNwB.CapTechUtest.org"
"1","52.HCUtHyF2yOUtu7PiVmtnsf_a0LVNWNEE-pfbX9tCwNrv3Yqt2BB7SfNtBs6rXk-.oaTlRQmt9SWi0cIpMyoqejqwOkK7xLDrJfPVECxOcySVfYKR71TnRoAPK388f2I.5vpqQD4hb4vkmNOKQSRYENzb9ZPVNrgzqJwBGWjEodUVXo24OvsBoWtzgVq8_NS.APh7.CapTechUtest.org"
"1","53.uqsd7L13PFm4D-Nr7o0vwV85rj-ayKwE2HxCejcgeBw6A6SO0jfXP47DKyuR18P.SlwY3ioHOY-QNNocWUsvfI4QfSDq0-Cvmszj5Y8oxnFJSx5oAdcDCGz6G35x8Ke.n0YnoQ0a8Cgv0IfrGgxzZnrhIL0n1xv5ewSO1eeviN9GXbetgTynaz6a9ps02SH.F71p.CapTechUtest.org"
"1","54.Xe9royub-WePeP9iiXAfWyumjWBme6caE4fsWyjLuFOQ4y7wAeM-CmrXDMi9_ix.QwVddue5lTxHbTH38x3A4thVo3kpy0Cpz-M2xpN1Kj3xMSXqYjtpEU63YlApy_O.qsyuJe_f5yXcyn_AjmrNuv3e7Hr0Fu8VfBl5_hsG0zKCSHRUtLOw8uh8B4oIwOW.0RPU.CapTechUtest.org"
"1","55.5N_y_WAYFM-bk_VPDiQcGkgZfkVF83q5nBaLlCH7YckYJcvIk5Hh_Zo4MyGSP32.HFgNdR2oaRjlpXCYNpLH4i-UXIm3Rtvk-InVaVx8FIrzpr8CnrWWu8nB2TGSuYF.4RUd9dqx16xmTsWWGzaXt9sFP4NpeAE_NY8qCuzjzGYFiYIoeVQ0A7fj0JLthMq.oOqC.CapTechUtest.org"
"1","56.5le3Wx0REYdyQv_7VjUZSP8Rx7G5vNi5FLuN9RR0dcf2SZApm2m_iBR7iO_Hq2r.6C3tgReX-P_9vfdwpND0U4aRcPny2t7PS1ovlSgnk3vpLRKhsQBbh37id4iuyLO.EF9TF7AnJuSBztwX6Kj9pofsZZm2q7ne74E6WswBp7SLXttJDTjwpeFfH3JoR6N.w9Wu.CapTechUtest.org"
"1","57.Um2ao4cUEpH8YKWhuf7ARKRk8TPa0u0H3MNFxtxGs9jdAbyowasVK-7THkQ6UwQ.ljbFV1PgjSoGW0gFiR9XJILkzOUItcixaoLFiPXlYvv-DbL-tuPd60azy1aQnm8.r1dLmUZEIJI3jtCJlDjzNtP0LL2QTc4dwu4Ayr2bWPINuEZVjbh1NILiJWlNuLl.4Qxk.CapTechUtest.org"
"1","58.oykMoCsJUxQBDaJPty2f3vvl9Ivz7pI29Cju8ypARI_vJv2mbafoJZkM1Iy2OOQ.qR9cKWb2aS0Fv5ibFN6UY4UK-PP9_OHVJcJzx8GFY4ukUWT9-PM1xNO_OBeylQ9.z97jAbT1Egk_JE36rc3HeyKWVSq3YJ3Qnwg6qseq1FVgcxgCEKl63JCZ3hhu-wZ.-hAV.CapTechUtest.org"
"1","59.xAogOXslbWryWL05xlkqVmveMYU9gMDQeIEtfmwaJTeAhvbThXVsr0DzB56BwTf.jAYlvt5ukDY45MvmRZEXG8L2lfxOMyJKLrIL-53WSs831UKrTAAmHSJucF7oB8A.3DQhufnF5DA74JF5rYH5PxIlWKU9JjTntYJCDMVrWCmm3jqG1VuS9wxvINrJbSE.Z5I7.CapTechUtest.org"
"1","60.eV1B1Iny6n3z9m-3SZEsr6wqOJS4MTq6XT7yTBRWIxpndY1RU12DYivzUqIdWXH.MgB39ZhDrZIuEX9G2Vv23GGqlrGr_cWzgvzXSoI-F1RTpxjASlT-s3oA6mTSkPK.UoZyvjN_gQpu9OGWFiEHt4BLcEvVpklDhcI3YPjIqQH7XsQsTS1uvYW4fVOmd1x.ps0G.CapTechUtest.org"
"1","61.X2tUiGb6ah3_037g7QN_LXBF2ojaAjrg62zLPbVQxhe6Fc4Fv2EmquHylW1MEYE.mp5_f4IzM5ZOC4AnjP153HiUAXnc-klePciFgHRZ6V69ypEesQ0T5TYdHRa2i4k.TVncGxAMbFg7fqZ2KWWJUIzn_hj9YBXQswRkyS6N3kyNNaCUoLIn97QxE3WN8hV.-t08.CapTechUtest.org"
"1","62.mJa5O9IanCf5lrjonqesTiI8UfHuc-yqM9UusAS7Q4bF1UHDx3hqPwavJylCuLl.rgptKWWbUrA4avxvZbqbPCeS29awangi2Ej9vfSWp04M3ZAcE9Ib99wfsW6yh1j.M98A-q1nr_kz14FoLZrEojVao8DSJlCdY41xae9iS9c6ZEl2T4hkZC5pAdSZ7NF.D6a7.CapTechUtest.org"
"1","63.sanLA9h_Y2sV9AksmDuTSzN9JP2BWONrjQsbrx6WDt8qRG7OmMLhvJ4u4M55RNR.Y3vglex_ABpXt12-urzfW2983B1rYFQwbLqMrl5IJndejZ6-wc-fmYw0IWaBFqs.Ict_3luWGhSJGbCfuWpwS85QbH7azfTYB-Qw5qmU5Z4O88do5DO_bt5whtuh_lE.hOjE.CapTechUtest.org"
"1","64.eHn8vYmvSRXLq8v0NpnsYbAjjZmkNDI7morRmJ0S4Grk8glbXTYpJh1Y3SwldKs.-ctLKhYhNsGQgDHe5s2ExeyrSLYxAwM2ddOWRQUwavowdoi2BfZzr-Uu0Pb_YoS.8aDzjN1qfLz2mJFVCCaPAbQdVlpeWBxLBqacYuo3tok9dygfH79JFWK2Af-52IF.c4ip.CapTechUtest.org"
"1","65.bWpaWBvqmyW8Idp7VbgJGe9Xa-B0DeTQ-m3wwlCA3ZQ76d3EgH2WT8vGuDAGvBY.UyheozJItUKjYmSRGtDEtGoN-AhMUckGKmiEOvePBja9LOmX54ULZXQbjJTgaW-.oxP4UusCihAcr_yCi5iln76qnHFJsbuyJ9DqSW2EeTqbpI5_gdQNRQyKn2PdzZ9.Rau_.CapTechUtest.org"
"1","66._sxP4ViDDXoJGsnijusklTrOCVEWwBiedyrnpslW79vWAyTuh9l5VfSrOqhlzt-.3y9zFlAEscwBqf4AX0dKkGUn_EhSJ8DB9SiFRVOkltUOzhwk9v-9iK0Y28EHy81.6TjReLTNSw-L2zRFbJy_iT55_okmCjzt2H0cmMMFvt8Fqrx7d6psGen3A0KSV3Q.Ex3t.CapTechUtest.org"
"1","67.8OfA6PKR3Mtg4Bd8CccjpqLtodQ2nmz0drBa3q8p0GPgUFyyexC1RoQgP-G_fFz.1fUCosl3Or8v3pCHl2Wq_xAgP6-dgnW3MYdZPg58vUpI9R51MoNLS84YnHCxc-M.KvlWaIVxktmFRY36Ec5UZ32tqKHIy4utTzqZQFxFVfYn1AM0HVPJQlEq6xzMbb3.mC83.CapTechUtest.org"
"1","68.gBpre_p7tlZO818ZAAif9U8ju_Y087b1ieVSxL8N04ilRmGw0g3PtewMxfDKYcY.RcklfJdDwJ15hWf3HX7faaKWm0CC_rTIWmGzYCqM3XiwxPwZ4t74r4CLGKg8T7q.rIPxeT3KgS5GjS-6M1nTYrscyrp-Rnd7xAlrn3xjODL0U5lUs6zvjPVxHYPSGSa.Zvg4.CapTechUtest.org"
"1","69.0Emzcb-pGR6urB1aKpRMZcYLtbb5S_MPXD8mp_seM1zMddZSv3FH6fD83W7qkFW.mz8zC_cT1-XlFhCt_1K-CJfqFWX0JycKYKlxORxEDSoUZyf_jzUXl9kdUsYDXFW.vlt9VkmvssY57M302DUfu88NznKR1FkOu-lPmmn1Cb-cYiUKfySnGMaPGvuMRp7.haXH.CapTechUtest.org"
"1","70.uBPDn1duEA8pFooa2wOPbP6wOzYB1sR0pjpQIiEim15jqBmjiokg3NqbnRuMLz_.v5p4Le3smgFkRT7PSg-WImHpeyr9FQP9ysvEsgR8XNLk8PhsmK9YW-jmawlln3j.lDSp-PgmP-TmWJ035C0sTkFhRQSawB5rwdn3zvXMgYlePClbw3kUR2cB31pKUY2.loa6.CapTechUtest.org"
"1","71.AEu-DdBmsJauULUdVWSWoq9VFYquGYJBppfFTcHVKHyB9e7_X3AKAYA2swpvxD7.j2GtdU_8d6pjT6afEjnJ7PTUj49Eva5s4kMVp7jPc7K3UdLBSdyUVphNDuywlfe.1Uh5el7iiPTTSAi6f2w87FPfGFIw_PXILTotoplVd5kmrKJTayjtockarLQWpv3.G6t9.CapTechUtest.org"
"1","72.2X-NezYFySM6b1SCb9ARfu03bCZTJ0q1BLHvVZcFtdNu1Cr9SncdEQmUhmLLDN5.8_HCP1LIS7MPU2ZhwY0epxyaBoBLq_ssbnPqf6c-USIXSD-bn4HdLW-pVGGwcNy.LFqiWp64pP4IoQ1xtfaxKW0Nd9gVzVGNgUhM3Ys3uHmCAluOWFCu5sLKDBGMq3e.wR8J.CapTechUtest.org"
"1","73.ipVJIqwLI-3WD3xoGfRFGvyZ5tDfLCuVB5JDWDlAUkNNuYn2qANQ7zDXUdQA6PG.Rwe2-HTJ_eNSX1fXZUmQLdCl8N42QJtQskS005thqkJDk6ONsOXpwEB1VNVhbB7.ZopDfDkJKej-_gq4Bs1m9IChqBxDYZ1IAcc46nGus1Glvro8C7uhTZ8_m1_X44g.hVuJ.CapTechUtest.org"
"1","74._bWoREPFBa4a8hsFwDtCWJRzhpfau8-p0dEILfZ_6umC6aio2sa7V2ihxB9azMd.W7n7U-z5SmhVrzfvW8qiU3LMRCStqy0IigkOZnmOeHxclssQcdN-uxjCKqRzR9_.u3qoGFj8F5JHlAlxaT2Na9lbRYSbptAuvkU8SFbdyU5zvVJtHMfnAfxnPupmxhV.-V8u.CapTechUtest.org"
"1","75.XNaRyLBbwREvVI3H7-hFOqliFsuPktObVH08OL7KO5YU-zuRU3YdVsMcW5PNuOj.K6zcgy34iMs7sEYlkJ70GgG82o7Off1hAcnjtZmYEvyrTfsXPnvwyi-z4UmnCJ6.L_bbKpu3Q6AJ-J0bbP890Vey5fIO-tyANXD7cpiE3m8gsMlAZIZt_C0L7IbebVL.XxBm.CapTechUtest.org"
"1","76.lIGUxNNVy64mniyKOdshBvRgfzzTqOuHUF1jBZd2cO1cEQ94kf0FpFrL_c-p8i9.4Px3bOLDOvnGQoaYQtyWdRRPOpIUUsLxNy63XrPLjZ7SKsl2SVWBSRGslkyT23o.Er8XQLgqbiyx2tiGCtU2PQHrMVV-c2gFnR9P0jIWI6LHYc5lFuFd7i7B5nfxI_Q.Kk5G.CapTechUtest.org"
"1","77.W_btfTiFBaUz7G0u5lLrFn16RKGvcC-edGKanW2mE1Bbpr5WAhzZnQJkmdWextp.JYxvtpr8s_p-UMWFyQw5xg2ElodEbsrlLi_Bpxf4LhZtTQH7LBMNFD8lOQ_Edcl.kjUH_Z-4KxJ16s8eH1eaAsLA99ieD_ceISx9usxqlSZcxqxRG7H6vOJOcE8MhGI.0LFn.CapTechUtest.org"
"1","78.TeSgUcT9HaFe2S8Lazpd2cMrv_K7zGhF7ra4S9nzfl-_plXL8oYc7hKKnTXFPUf.5_yEV8QSmufid3D54n_qWmcaszJZiPyk-VY7hmkM468Z1C28CSjgjo14p4wjWa0.4Ln_idknxfpP91iLFFomJ_n7qSlau75HYR4Y9L_Pse9ZXzrWwkW54xnN-wpOLGe.5f4n.CapTechUtest.org"
"1","79.Q99R-ifHSCIX9oh1i33vGVwbB14yWnzNbo035qFixWlGf4S5HZ8ZGqT62MJVMa1.fMHytKj3h3RoIpmaeAQQYReZzfv-pVdIrboGADapnuMaji13aeI-NiQE4oHdwNM.slhodwzc3CcI6cBtgbBR9B5YdDVog4usOgiSuh-5CtM10kyFXvvbkthVgM4cGDI.ppz9.CapTechUtest.org"
"1","80.921WVgx2VD-iA2buyNRDlRk7C__33dgT6RiJobBLPuNnPJ-JVSL6GFiyAzNdl6Y.3LiS5hxjTLWSBNnhPPEKU33QkodFpbBIPU_Yo1BDpmQvKhIApw_58ABcKlTIw-E.4ps-8O3yxJ9zL6sJr3G7A_fCvH_FnWIjsVfHvSFsJliWNYtqr41j_XOWiWVUr8v.CL-_.CapTechUtest.org"
"1","81.sGZWjOcPxQghFuOHoN45tHF-n66erpNRNKMkhUpFjtsFKWP8eYozGRlD_uRMfMt.1OkqkHrtUuRf8aMeC7-kZj6e-MZouSYIROh0mjJ71YWa0dxkrk7pCFtwWQTjnMJ.9cIsFKmRniD1zje6njiWljK4h3_FpBtnthocfMF5X2nNSkL7f2_1S7sPBd9Ir9g.c7oP.CapTechUtest.org"
"1","82.gXCYW3zUymQ3DlI9ENgge4DyLLPYztzrWW7AyaN02ju2vh7gXD_SrqaSZxIs5wd.veqT3KHPC-lzoPHHWPGMZg8tCEFGrfas2r1_FVD9gTzqifBUjGUZsx4FjGyRbD4.fnbwEakwAbTEn-DWiZYWncUB05D3HxSi6EhKrGEhITOJhngZG2-WmNY40KNvHQH.nPH7.CapTechUtest.org"
"1","83.gWuTx0V1_GiZT30oPQm0ifmYiJgyh18oZxcFcFD802ScBb8KEwPX2K9VQYp8eu9.60c62RA0oKEu1pUIsVJqZAp74fTh7iAOGssOpgDavRxQGqUAYCpzND3IqqCbr20.-rBKbpFcLRRapSoBj1yV_Xvdpkbd_eRCzFrJ3N_NHN7Nt4WPWKHZdvbe7S3gouF.V-mW.CapTechUtest.org"
"1","84.Z1iGACS5YIfGrYh2L6_5k6xPtcr43H7cXA8YX0-30LcnrrOmM4tqXQ1fus7S1v0.H_Mmf_q1KsjXBTcVBoUvmuv6lU_k6NnZ6eHfZIFv9m5bCFuuK5_Nf4sSWgE2umi.Np5VCddg1OkPK2-z_HXQzvFr5h5OEMUd2EWIYqqLtdmQPxGcY-87_iWpJmYDFq_.4SZR.CapTechUtest.org"
"1","85.JrbopDObbOFIxwLbxxCMeUuFTA_xi3iEv0XLmAVQJ8N6apTB2vRxOK1hGwlOI-O.933of5pg2UN_1jA1A9hfrY3dXO0U7jJAwOWH4ebebJEA8W8NVsW1sRjL3DMiq5R.5EhL1URLOuzPfQ_gAkuDivstUjr2tpveBX-hap8y-7cI4Y_vRwKO67LjpVWtAtW.UNXk.CapTechUtest.org"
"1","86.12G8250UZdAPf3iw6_kdcld0ke_JNCzX3WUxhpXaUwQe3O0GIeqEWp5gVXjJ4h2.9qt-tEnMoE0JdSGkusUycG4gJAi4H56tFtok2Pwkj-ltflW8z_M8RI-VBsEpoFe.7V88MI6HEWgzKfbw-6-DD2CHEhmHn0SACWZJeR4EcZ28OBmqoYeTIQ15bIHh8Ax.eyJP.CapTechUtest.org"
"1","87.PPgXHuSbC-4TbAtVmrxMoK3yso9TmQCu5STmB785taJK75CRzuqS1oHcf32tBA1.jWA3Zrybqco0umnMiTumxfgVSUs_VjxRNkJ-T_UEg1hi3fcJ8t007AqFOULLDTx.J-OJGvXY9o6oPPdzIUeI2zByz6-GVEOWMVU7cH-N6CsE0Wr5YGOBJIUK42xr6Yp.fs8T.CapTechUtest.org"
"1","88.4zFtYwhQ099tNBoozPjlLBE3tZTHhIZeoZSouzsRfT2ZboEMFOJnWrmEGcLGc-3.R6_ikF5HTZyZjHPqisFPM7CpUR-tjKNN87LV6vSORt6ZCSP-xQV95mhOpKrUuH9.52y5bnm15vk0cESO8T7Bw9mmkRXDIp3wJdzS44YTmquTaxUrytWujq4ZWIY3SCj.NcYX.CapTechUtest.org"
"1","89.osDRneqiDG395bPiT05stWo878QqgNPW58PmAVbWqPNkrT-bZIkCPqGulHP_jRQ.XKxBN1AzW4gm3paycF-lRVt5QanlYR13zgkFAz3xQau3fNlbu_3WwyVwN-mxStM.AOPiw25PbzsbcfDwQZOTWsqP9TSU_e1vFyq9CsDAzIExCoy7dDdcW6DlDWGezMX.nlOb.CapTechUtest.org"
"1","90.rsey9ySXlKh2YBbecEAjskHNoh98eDjcaPRC1rJHQ_n_4Hp2DchvFGs_r_8mkc0.eDmW_d7TDv0mI_UkfC8V-4RJVF3Kaked0X3Cw9vMR5tNdkdotmdcCA_tizDWz6-.y0mIceU3_I1GDG1aSgChyMG0ETb1jnGK-FBr9WG4AtyRbXBmYZI0Isye9xm5Yil.JtGd.CapTechUtest.org"
"1","91.hFjDKYzrmrRd6Fy-hGI-MQzQBqEWqp62ldB_xvUTqvh99W9DBhOmF_v8TwjOmjH.Ib6_IxDdoY2cIPrqEhsgWn0GfNSl50frO5dGPvGMcIx3Mm6g9EHx4-pU13oKZrf.JVqCntCRGv5kATagx-0JS-SSDBzrF6J1zLoBD7Ngy4klIu3Eo7PIDyyuMSrJ7qG.Kq9-.CapTechUtest.org"
"1","92.ANNcb2bUps31hZtKTcDE2K1CAUhtGNGhfzoep6wf5Ep5eE8hr03KWnL557Jrd0B.ZbXNx77ODVFoe91OSDiDyIkzxqATwYE64dqwEWWRFlK_hEZswCC802HoWWWMQW1.thr5-Jarcub9r11oULiVt72ue2seB6ZoR_NgQNDtLBep6tPKcZ19HEwMOHQWD_1.ARi8.CapTechUtest.org"
"1","93.BZl0VwdiKvm8ih4askAEoh9_PJ5176wz0W8QKl7dB8jRxj8jkTfEn3_Sm8wxAq-.LZXGVk56ypdIpX8q5Wb4gPbzVJX3ITzDgCeh2LmfljeM8A2ym3faagq7GeYak4K.iynhQE4AHx01yPwTv_3dcPE5ZO9-J7wNgR__QxztQDIqbidoW9wny9DMaF3ZE10.6rCc.CapTechUtest.org"
"1","94.cFZllWkbe44QyFtNzKv3lWuKJR2WEqeEgrrv-vJPaQ6kH2ZvmTTdRRK6bqueFwL.MocOrMlpl9sEqkcMHdBTG7y7ETwQgX1kzP2wBXj6CLwVzPypwwKND459GNHDEvJ.O8k1DDG5_qUR53CtMM9rP1c1P6axddPfgX3QBiw3P7gGGvUVALn23K-Id2z4zUk.U88R.CapTechUtest.org"
"1","95.Ig1PMXVzxDlFIpI0gCC9-Rz4cGk1SygNEvRM3StMWLNkl-L9O61R729AYt8FYsy.IjfywkZfneoac0xLuKKYkffv6WqWo9KxosZDUUHzJrzpceTBzYIKWT3fpBPVave.0V_H_c7YhKUzGxvc9XA01ZShlMcda9IG3PKTwyApxGFe8PVtKfX1cuzMkqyIZD_.SEYC.CapTechUtest.org"
"1","96.Cf-Fyx8mihNSP6X7fAl_x5kg5Op5EDsz7idV4Y8CCb9kFzJ5lrAATOPu7XPd5to.R19jII9AvRd1Lb0M63TwZHISwlaXe7fjzAfO4GMFizlWTIoQg6iNHJYMRigLP3P.EpeFUMsR9nRRyBhT1t4Q7VoN7P8Brtaw6WZc6xVbTJZrQyz3Tcf4KDhIVMNgGo8.CfeX.CapTechUtest.org"
"1","97.Ww3vhiPRh6HjLBI8u9_Q6H5-aVduk2jIxhbkdfBc4hynQXR6ZtLcubYmbMmpqAD.SaWj8WIkjacvguVefpGkODJjtH1GiXqkh1HIPqgdRnYnYB_Fvft61tIPRk7V0ez._Qw26kGyH5aPVzjDJm4EYvKAb0EGsfk5BH_l_nHGLZIzE_CTc-L8jwdivtkqz-_.W2kc.CapTechUtest.org"
"1","98.d0wuY6ygQ-5x9LiTRNEx-u66m5h46wcILKnS9iMI4PdKUqoh6jpJwkN3DsFhsRo.25HqewNJYgqAkbm8wkKmvymzWYdNof6VM65R5jmWPVG9MCnZxqS1wFdYUylTftH.5KZSR5_bRU2QY2PLK-evaoRM4yYhp4jXVNQIxoonOM49Sk6OQZCo5-l2mCco_fS.15Ws.CapTechUtest.org"
"1","99.pcTLSF5HMQzJkbshsDcVFFBi2sITP7TYiq-LNIjD5zrEmQzPcjbp4fkQJqZo6VS.9HQ-6OqYClx_RAMFsIinzTRkRALm7VJ8yIMzXgOXr9x4MR8lUjll-zP_nLzMWgI.Hh-Q5e1xKK4TJL4tlaZ6CPyeIhRls7KoYS3M3IdaBds2Z96_GJ0IoBSkAXAoNkN.b12v.CapTechUtest.org"
"1","100.XcxB4KwC4C2IYnVmCsyz3HQsfi_IejX-PHHtosB9VePiyKFLoVOV_1BaxUy6Lfd.VOkwWInoc3yZFKZsn6nBRvZTFiVx8g_P97u0m39Cq_ezaweNrsjfgOHwRR0xip8.8g5kIaVPBwKjkGqEJvPO6sUnNg-91xNZFFBggBLZMJCFyTUpgp9UXBdxJrg5JEm.yxXt.CapTechUtest.org"
"1","101.hYrwdl9hdTRswAGwC9fnmNafyRnpwG59paa7CIgYZ5nizxTfqfLAfx1imq-20QR.pz_StB_EvAW9bVGLqjlq44YJfBpywxrCaoNxaqDnDLDmujkXIPjuS6IH3zgjUJC.-IDydW_ony8dWAoDS6UXYjoIou0hwdhO0wVvQovLJnPD_dT9KEnbEVaG_tPE0WA.P7Ct.CapTechUtest.org"
"1","102.lrQS2epttK0Eobppn1Nh4d1qwK1IIEOnh8lxoPM0EimIvnEjCeos9OXCbwkuq9m.dSp9Shd1l335NSH_vQNA8Ycwp42RCJMWCO5dJGoFa-JOmtHloMFd9WLerb6QEWR.dfF9Rh0QjwRjbpLBXFfruIBu7vNNJivJ9bIvw0FGEUg7Q_9lkxrD4br5_YMsGVO.vGGy.CapTechUtest.org"
"1","103.dDmSnaOY-wEedwrytfrTpDX_8qKQOqEZvjbt6jua3dww-H98yCYGksLfcuNfdF-.2d2pwsEF9MO0FmwKt1PxmZ0T6_GUnUOoVtmSaxC-BwsouCl9FicU52JVEWA-l-f.GXA_SOyJCBLeqElMunBtVtjl_ahl8jNJkMMdw0F3vQ_zNTgfUBXfC3IceSTEZKr.6_ts.CapTechUtest.org"
"1","104.IL37-HJQqynHWSyi8OqhAI8u3yJOxvqVY9rNVQB0ffzOtPvQVMGakeh2sjN_Cm6.LmegnGMzjFRej9gzn0GVYv2iz_E6Vy9wOul65rM69pF4Sl0YehG84CH5in9YUwj.9ad7DmCMYc_a0PGVpmbb77KB98YW1abS2ppzDZ1mOY8aoN8Ho0f7rHslcIYWZjd.Qn-u.CapTechUtest.org"
"1","105.IbiWSbweK6Ioo4RNcWGAWhOU2gs-EwQPWZq0a3uUqvo94h03WyfThfdNnzRocXI.UPu5LRoG5nT8GWvA_oDgLABOMvgUQ_x_DkNezypYO8W6BTyJg0TczIUumSVtyM5.a0Y-j4atYTp7_EdoYZS2mUVX40Bxitp0Lwx--8_q-6VuPjvxj9yZtx5r-HUB5Bd.MrZ_.CapTechUtest.org"
"1","106.-aW5Gu17BH8SqLoCVBBXE-OYJ_E6yvtw8FDKLKLs2oPkRIDGB-uGIU6PpJbj2fJ.CR0cJrMKVF85e6l77MPUGgp8ztnTV0mhJmzCI5DpwmWMyYMlin2ZRscp7TmcFob.guZajS9fbTNpGvJ4jHxpDz4IdVn-6j4eYkWLA2LsQWa6bk4IDEVJuNVQYzT4D1P.YwvU.CapTechUtest.org"
"1","107.mzcJWvGaNgv3Pccw3r_gY3QwIUtD6VPpH-jx75hiY8Pks6IKbdyh93HfKdUBQYw.-wUKbnVwfKeW76DYZvBSsrBOWDZRDf_khKGJk6crHCk9_ijgXMWs3I0opklXrdS._ZvMjWmEzhJuGoEs2zJ6uUaKL9_uq2x6I9eFD-f23jAaYSA5G5yuVBq_VErY0j4.CEHE.CapTechUtest.org"
"1","108.DcqDLN4N0OfIT_yHJWtBEKoG9kUs-MdudNJpD_usMxrbKDgFZ_H2zx_V6X235Tb.wcYOYmHzYeGdzU0_cNJXJt4NiVc18iHAxbodNqiMtKWqTgICUiHi5E4FH4yIZ96.DhXTrOLI0jvqlDD7lvBscKsiMiKP-QpJZQS1vfmKxp_JHVzCmpFDN7KkABZFP3D.jnYq.CapTechUtest.org"
"1","109.tjck3sqqrw9H35MyhZkmQerad4jDfpPWV3iaWaHOKPRJGUA8ZOJXzT1w8kWlNft.P6k8GnhstekMYYlrxsTepvxdvAVSVhkDKRvgXcMhtgIv6FW36QSGdLNUAegUZzA.NFVqulM0GlupDpns1yo7M8TLomCuevC0CRtgIwwJ0urSrRdxqo9p5_8wI_BuTVD.kgst.CapTechUtest.org"
"1","110.1GpkGjaVpV2cf2jKEOcbKK0uOf6C2FgGeJ99tOz1k4s_FCXzG_n05d11fN-QP_5.m7cfa0qz28wvRd3kcqBXzpYuElFh7xBYSO-dlsv2mLyVcJ9Sy4-ZILr1VtU6ph7.D_0Eh-zY55WnOEn3HhWiLOhByAba9MVlbXkm_Yrae4Ew2MMlW2aw6h82lXvtMLa.YYMY.CapTechUtest.org"
"1","111.IGaszxOzhUpya0VAT2WWexzIv-QCOjDMfARjFTGgdaKSOF8nQCvH2qU4s91FUfY._aB2U2UxmNR_U75GVHtiex0v0ebcAGM5rqckGjfGUNi7EovbGcoslOsMpr49WcM.DTtstNyhSNYYhCVo--oktWGVVhLXtMHGLaXr2RHssCeoYlRiALB88I0_znn6WWs.WMll.CapTechUtest.org"
"1","112.xEci59byj9k0ofIz0JZtQr5A6QTkSEyeRiuMwPt4HFJJ9L5T12V6f0i4ta1H7ww.6H4OTzb4O9ZKw540Q6liQx0BrlckpdeJmOz1I7pmq5GWO1D2H3y2AVs0WtDj09g.Fwyi6kFA6D_ghf0QGwRsgWiQ5odRaUc7mzAv7xrRxA_nUYAnOLVSmVEQlIu_gt8.oZoN.CapTechUtest.org"
"1","113.bszY29m45bnqFJ1Rad9FiLebnhVmv-G_3p7phWKVK7J59EZHcVReol3lvSvcleT.WJc3LnH_-s_A06xM5V_272upeVexw-aBgFSQWKdVJT6j2njbCffsGILss8UMgVy.ogNPjGriTiuRkRifgVMRHpMpZFjl76uxmfpIq8MGGPCe_yXYjJSRIrmZtQAVgYl.CxSc.CapTechUtest.org"
"1","114.c66172n8Ye4_8ZL6Q_ORqk6WJce2bMISqdrk--D3tzzzX8xKN_eYUs1RyVQepqS.F2vvOmgmLyLZ2tYoZrkjNbMIQN8sr9xVUmvco6Tks3d8PNP8wBLxUkKDGhaDdwV.LnIgjO8xUW8mCwEbr4OAB_3gIV9vqVrxcELwtCj4xdGlGh4bZBqpr9Qs14l7bMp.uOJE.CapTechUtest.org"
"1","115.xEbmAocstucBBCb207lnPHve012XFr-Axi4NS8kDlKZSsl-AL74Ze2CgcG9shpQ.ngVwqlt9ZQzs_hjwCB0XrU5vtTiKg675f55yK2-pfg3Z_6PYOfVebho49zvGAZ9.pxfexz6qXnww2WJIK8XDewVgciboLWql_5p-H0gxNLs2Qpvjub3IVEjrb7VjMHp.pIYJ.CapTechUtest.org"
"1","116.Zo34FIiDPZwkJCFsi1lyNJGFEWpOVEihFhrdyvWTZ7Fip78_5IIrmrPDZcAtEFO.5j_7Jiw7Oh-LO02O5SdQheyKrmZNUrU61mbE_g1LyTqRNLd2lcF6VTSsj0ve1Jl.AiyzUnb7B7rKgq5TNLizMvyUJIx1VlTKwRL9cXHBAemHDsG7Cj8v4cd-mO_9sfh.141i.CapTechUtest.org"
"1","117.X7karhm5q66ZtJzmcFkmTnJCqDIn1QTwexSOI4dRDF6OdbN9TH2IuLpHl3ZKqtT.tT5KW8zNv42H7x5BIshCEZsKQnf_5d_Am4BN91xIuf8uI1GCMtsACu4m7pOZimO.GZcAbzws0xgzC3rKBTezDAtCDIv9Z4b4_KVvW5HAxhQ6a2X-KPmrFRYgPIRv88P.WmTC.CapTechUtest.org"
"1","118.iHoL2xyxb_HXEdnZ1tPMRG_R5HnmESCHveyMWaonUdju7uatZhnv6eXCFOrEE3t.zqVz8uBrhhenECtshg1IcFd8TXfOh-LNSvuptIDaqygvKnWniXoNzka4orHzz1x.5YjRtty_Z0Ah6HOAsf-7vSI1GNhb7ZVI68y8jljmJ-eDykvGzr6oD_n3t_DUQ_B.pCLQ.CapTechUtest.org"
"1","119.CCjkjB7QfhvyzCoAzJVzAnCKP7ZuY74Uip02Mk4qsjaZJnRcKRWqjNGvsthNjf-.vNaLbqt9tm8YKHdUGsNKbWkp9nLJNJW72qV5sFLop3DfUtYxbBBvjH7EmuHnqGR._1kmV5Lx4Ik2_YYr4iTWZqD7izuNevRIWu1v4NRE8xFWcnq5FDgkyHMbMuqw2Wh.T_Cd.CapTechUtest.org"
"1","120.GNjK98WXn8DpP_9IqepKWOAZ11PjIT0BBLn0JITc9eoofE66zhofWGl8H4a4FW8.uDjmLdol70kJ8E1SO0Cf9WHUPhtk3794RKLworYHljaSNVcooAKY8NkaZwjuyXB.INu4VTrw3qU9tenSr62Yxuz8M8Jh5jyQWQPuFQjXiceA7S0CV5qQUqgheXhlS76.acNg.CapTechUtest.org"
"1","121.hhK-TUNXJwm22jrvk9pvTBnCrRMvZwwRuz92eZzqjlGIycwGF-szDlgPWd_-zWn.Np50dSRQj_Uu51DgWblNh1t2g0_lzHeOLdxD1BkFElaOo7QNu6bRAQb1cQedTDD.pdkqtEXAJT92NWyp67I9p5QGtxSKitWr_y2pi1GX42qma12CZgyqfSySNtJQ-tI.8ual.CapTechUtest.org"
"1","122.4gBcXyslc-k8q4OxPxbxk1zKUyGM85SEhXBgnCBJjSb-5YYD6QZcGfpXeokKPpV.5Nxck6IXtxHOf8cP6g0DQvTAd_Gx3Ic0o4Dag5tijS2imgahPCwbDnODjtNfox7.rGv1XVn_5n3PmaDjhjFhEGFTEM81YFPNT0HmbkqD2_RxRcc4dDGHeaGQ0fXzJwB.CXJd.CapTechUtest.org"
"1","123.YqrcNSgb_m3fJMhWqt5r9w0OHTJo7sGnKJMEX99AH4u57PfH4Ztp0WcrWQ8BN5g.srIT9v7Y00CMZ6dgDXXoZkzLLuZpG6YqlXVyCIvMMSa67rHgxvVXuBNKNlUUghA.sHaip90pF1zXIsrpymvJp3TGwDepmAYt8VphwShY8jXdEGCMio7_hdEW0Ge8hR8.QRc2.CapTechUtest.org"
"1","124.D65cyvV8jdz9QlvjUoSJ53WidWbRgO-ZzQBn9Sd03muWiY-HFr6Mnn-t_N7CRCP.eZj2YgE7nnoiu6LvOEkTcwgPkFezBeYWO5-lBuxuIXfPdsGF3JHim1HUFoVpoDi.Ux3xzOzQHjffankg8xASghbCb5Daj_f0coiBgQgSSMrx-wIzsMqq2CjJvBHX52l.r0fm.CapTechUtest.org"
"1","125.YMxouTQ4FeqsfRlN4JOwTw714PoS6Z18YI0S6ofw20Ek-zFph7e1C9JWNRfAhs-._2IBKGtXD22tgkbqCOIYYVwFGyv863QBD5DD__6zFi2Fw_u6fq_8mwyfJh3wYoq.NhmpZ2UX5fbTQOMbiuGRkBALYV8LjB43TWCEPZVgUEUUit5ICrpbo6GR5Et_bWD.1brH.CapTechUtest.org"
"1","126.9Bcrmsviu0EZb15J0owFxNrKuX63hadXttB3W9FbWj_oyrVqr-UmQuwQAkqKYov.pZxgvC8NT-PDVbDSvSc5SMP3pezqumRNdvcM7y8eKjCU1znhdEqbXs_F0MZckn8.odYJLgAiPjaF5p-Kf3m1L0c2QwUd07zYEEO4x22cS39tzXjHGcPy2bScU9xIlD6.fm8L.CapTechUtest.org"
"1","127.7IlAHBBtbhBqMDveOG0ulbX4GtCrSIyJZq5-PqmUz4Du8wXOdTbLl0wo9y32u3L.3A3nuZ6ASn0TdrlJjjyQaVyN4J-fYt7TTvutMMC-G4vt7cx-UEcnD01P-93h1J6.1aeC4F5hYbvmS3Tu1GG2zJ1iWdoX-1mFpk9zKQMKDrGmfBfnRWZTIobgBfmagks.YVhv.CapTechUtest.org"
"1","128.u8EmfqMVPSg3CEWLDa7G6TpwXs0hxRlmOIKZEMR85txkhhSjN5fTJW_97HMviPV.qwIxt1l8YpYq6ZpFbEDOjmqTjLYsY0IdJwrcQWspbzhtMvp_Jvr-wi6jqX2zZqJ.YPawpgl-aAldw98vdkEURfvO-sNMOl_SMPdTJdojP4l3ak8j8UOsKueewgOoq0L.Ch8S.CapTechUtest.org"
"1","129.pD00Ze6UWeLDYgkKb1-HVF7ynr0wlduNEMQwy8ExAcP2WEDhYBi7hYcRCXHP0Km.4vUBFneaTRxRLZohqz2Dm8n9XyyKpbdlEMhhba0lR0WDqlMI9_2zN1VqUSfXK8x.URZEBJYdJ-gmdSUijhqaYBj84WPCA49q1ozGTMdeY1Ta3Q_i3nOchEf37CwGdh7.qusZ.CapTechUtest.org"
"1","130.Eldwwcnqr63vnO6Axboq4GkRF8kjGQZ3UfcKeVAHrIIfh2X-ZUh73Puex66y3b8.gwYq7r3lDGL7oKwc5-Ad7OmfUeKAsgEcp99O-CfG99ODDhvBfYHLy4woIq9JoLa.LJ7oeuHTsKXi67Nippq6UumCnwlEd06ubbndv4f6g1fKNW0ReOD9ziksLg5gU1t.LCci.CapTechUtest.org"
"1","131.IPkEiqFbEsxuwLS99GLkWZzdfue4jJR-I7VaCvEgMHN1d_gTXpiptrAMoLAi82v.fXwmS55_WHbzx3L0fi7JaYsE5_S0_kXVJ7LaE5QsZUh96-yHwizndg3Smk5FYgp.8Op8Mph-EZd0P7tY00a1WZ0y5GGflOWJMQ60HERAgLrxjuHWUmyNMRk4eNPkK38.Oi4-.CapTechUtest.org"
"1","132.o2qMnJXn3-8lFtoBPgO-0dxrKEmjR5LATiTdxt4MBp1nRdZKGESm3WmJnyR_xKN.Mq7KM4-Sa9dqt5pOpRKLbPlG8DWlgq-ONgivrIhPm8BiuYt6MpeGJ_pob08WA5V.QzIS9ynSD3b3EmUUDbfEJxmefPodA5lCDvi7moMvg4f2sOXBWBAnbhhnIdQ2M_y.tF4E.CapTechUtest.org"
"1","133._tIjsrEtBovZUbdZM0uAc4D69ReK_ypLBe5kGHbhf8NCL7A9TbKuPkNjo01kreN.0wDX-ZZua8503ciP4N7_TlijneCTkdgFPUY6_EjgduoO0ismsA4QJ_9JBppRmHy.4aAxgcink-2Fqh2J9Cotesl1QBWsKjRHqQyP7uUmPQ-4XYJfdc6yiWQLbtfZetc.Kycv.CapTechUtest.org"
"1","134.4PIRAsRqSMjZN8J7AcsIYeoSw3EuxNqwJPoD25PLTQ8vPKqt6JCjXbVCYUSxtVg.vVGOPsAh9q_BYNAlnm7pEaNPdoDsisHaf0I5VpWzLjxFIaM2wNYDCZma04vsFz2.1XMXX1KWsnNUtiZR7GKzj9gEC4SDQFWKfxaPr8EV9lwuCugvC549afMF2SJrIcu.JQ40.CapTechUtest.org"
"1","135.ZUgbea9BfMFeEtCiN6gT1ZSIuHC94Z2QWisczyHYrlu4xOuybG3JOGKniXs_aax.FLP3ZW9XLoQhVSiqZtZk5K_XhSjKGPiy5Rt8w9Ykee4-3dbKfiFwh4hiS3vJ3nA.0kgxbEy8n5LxRPSwzQze6fXgO5ZO2RSJsgpbdWh-aoO-b67DuQeNZDfpAFUavbD._A-0.CapTechUtest.org"
"1","136.jhzwDjtgDSzL9i_Cp8UcKgD5lzz5Ys1IiDBgc5iTa4aQgzqSCkLgOIiA-2R1iuJ.tEaG0IU8DnGsSVCW02K0APaCXp0OzqQEAoSU82YAxTJmU4NJtgyAYltd0WJeIvZ.t3QlNqNaGTTbK-d9GUYLAfpS6fAap2HgdgomMNOvcOGW29JElNIhYcrLeRFr0Zz.CFdE.CapTechUtest.org"
"1","137.fgM7R1R8gfImMy1FjoGlidfRzVLRM9cdgkGNfbw1BdMgF3UWQcPvZK54c3rLP7i.cLqBBYspHMZt03bRLdeyvYqJBgFPZBGZDPR-gHBfnm_UsCRF4OqKcoQX1nL7vvq.b4cO8BKA2i8Nc84JfIzXm4FjNmHnEXvASlho2DKAE9ebCQ7oEFiu_oPPvX882Hx.lFtL.CapTechUtest.org"
"1","138.OHT3-Cw2de0YQVXWDUPiuND881raAklxUYevvazAexSpC2xvV1bU4iyT2GF8BhO.eKa69W6dvqHwPmEm8PbgfsnLICrxI0xxmne1zcWq-sydn7NupY4MoCADa2lWa3U.i1-ory1naawLBiY35hrp8AZ9NkwO-3pWTYKt2Gn__zh-ELwKR9_Htw1NOPtWtqr.eqXP.CapTechUtest.org"
"1","139.QPtO9Vob0kkFhQvu_3VWKa4rD3w8xB34RLq7ltD8vNkNzTMNK5aqyciILEyuWAS.1dKH7YOJEFO0QdLV10pcgrx8C07Oe3gPDcAPr5YVqFOwoUFyrhapUKpWQoppyLz.faSF88uxZSnlMY-XGnL_UeujSB1B8gRaGLxvdJSWXP8xlj-9MmVPiI4d-woOFKu.KI3-.CapTechUtest.org"
"1","140.fUhl6_AZ6ftBeGJGkeRQN4vvCPSEeFvcHSKEOpY_SkrNMwhiRvHU2Bp6BdkVGBC.Co2jdFPE_gb32L1WnWhsRcFiv516itu4tvFdNYdd_b4CkiuUxeh---1ZYRAOKRf.hjx5CogLtczfBVBGQpqktT5XmSzCa67V164bBlNa9wcgEiD1i1I29_zX41NQ8zr.TCoq.CapTechUtest.org"
"1","141.Jddbs01iMWEpBrLp60_RpLgpYqFpe5ckGnJiXd5wp7rmCna-OXxIU_BuHAqVsEv.ExC6fsPGdMZH5m5yNmpDbniMLU4XTbcwWQLzQB9a04YZqGHr_-aSYbqj9oAq0Dz.27KCBlVJf5mmFuIdVoBP56H8Up_sgc0QjuGggzkvYDRmaK8SFFoqU_Va5D_baOW.domv.CapTechUtest.org"
"1","142.o_LEk77qxpDTia0o9A72lExps6a5mO_GsX0dHDwPcjHwgt-KUfoMYfYvuCryP23.xxquo_LyqzxVFNDfh3sXjxUUta8APVOyO0L3fesCoipQqVOfPKwG4GNkwOCIiWO.dFtAYtZXRoJRYsu1VkqjD1lOFq6n0L5dULj0mafbLOtnBm9nvSSA2y063mTFD3s.toDl.CapTechUtest.org"
"1","143.eb2hjg4VrfsKYOs6s1UizeJQpIf6W5N9fnC-EvCjtbFuVJw5he2cDEjRmivDs0S.m_IskeglGZQ48DI_ytzwxY91U4sF3u9VlZvDRCGwEvc6p76tObW3c_9TOEydEiK.B_bRk7XL2Lxv9ZfZnCIswc_McaHF2GMWaAyuLdOpCU0nF5y40GH25gAi4Ato0ep.FtXb.CapTechUtest.org"
"1","144.jgDXI2XEvM-qMXs9NBJ4TG5_H0QtV672jmVsZP2le2MnBkm4qFo6YkKx1bjKVJt.frOLGUzGDGzYPnjsV57GYyGIG3m-RAqPeccw-diibyE6-nguLsLL7SZXC3TfV9m.uoE7CHY-2ecs2TlWfurb6BorYCyjrW-uPTm3BIqTL2Wgn4VJSAAgzy7K-EiCcIC.i1cT.CapTechUtest.org"
"1","145.-pd3rYuAXpQnkaE6QwAIfic7BHZS4YUGWSZUw9iRhjDSFajQ4lys6SFDnb5aTGT.QxxcpK-otjOk8jJiBHFqBLIPUajyQhIwi5fgHwHnQDHoHrlOsRgf_1eFVZIFKBC.qT1LLFIFNAYfelCAse8UNvWHhtyKl2JGHsUrebVHmjQ-wvH-Kfx2hj2TfPZzO4M.0JMe.CapTechUtest.org"
"1","146.Fqp78h98xvIBqrayBjI7tuz0oMth75awjZ3vSuLgZys0vfrAMxw2sAwFiphAexN.YUAFKE0WPo_snSq7tfadUxbplcTdOEs818k0MOiPN4NnpTiBNeiJUl138rZ0S45.RzI0k4dcuiJIF377sExtDO4l717NnJhI7mzp6EpqITCdV0ZLEOfvMEPSz4tab0v.PK3D.CapTechUtest.org"
"1","147.GNPp4K-FgFKFivYqJB3K7gW8BONgXwqOdhjDFZb53N2fF-hvkC9II4l1mzb4voD.-ebYum9t5yPqMBU4U2AlTasvByK3915_N2tWC0Or3Q88KCL8t-e5B8Vcok6JJ72.FD7N8w7kvMZ_UzYkwjS0r7EG7WeB2cpPkMLOf5g3a0WvKf6mD9Uheg6RI2OWpMV.ACA7.CapTechUtest.org"
"1","148.Wb70e9eczmsqle88LjB5VQJXHFI6niRVwZitk6Dqzw4h1d7N99J92aYUSlNwk6l.7nJG_4i0vNk5AGHW4dOdcPF2BqkiKfadMkftxQtO89tOrHL55_56-k7_FeVTEjn.gvQJQNZUTQ8j5BjUi8_tgPAaCtFE0HPRgggCt4ImVdTDUEp8cBBXAERHTysizK0.kFVj.CapTechUtest.org"
"1","149.bmgwxUWKfKq32SS-5UcFJAoI4IMUYn2Jdx5XEsT_KfAEXnauudzUKGjBO-kOHmy.MfCmY0AZgq4wvJTaDCbx-bEGW0ieUY7XLhfN38aRCKjjUX51HN8y4rlXG35oRBp.KQbIOuw.CapTechUtest.org"
"0","scontent-dfw5-2.xx.fbcdn.net"
"0","resources.xg4ken.com"
"0","webpayment-promo.internet.apps.samsung.com"
"0","exp.wg.spotify.com"
"0","tagan.adlightning.com"
"0","pndsn.com"
"0","gateway.foresee.com"
"0","t.pswec.com"
"0","asm.np.community.playstation.net"
"0","1dmp.io"
"0","fresnel.vimeocdn.com"
"0","oxp.mxptint.net"
"0","steepto.com"
"0","cn.pool.ntp.org"
"0","mob.com"
"0","static.ssacdn.com"
"0","yandex.com"
"0","stb.s-msn.com"
"0","www.xvideos.com"
"0","securedvisit.com"
"0","feeds.feedburner.com"
"0","consent.truste.com"
"0","nexus.bazaarvoice.com"
"0","cookie.adobviewe.club"
"0","ad-m.asia"
"0","cdn.permutive.com"
"0","b.thumbs.redditmedia.com"
"0","video-ads.rubiconproject.com"
"0","by.uservoice.com"
"0","roblox.com"
"0","mp.microsoft.com.akadns.net"
"0","sync-dsp.ad-m.asia"
"0","probe-ixunicast.prod.ftl.netflix.com"
"0","voipzoom.com"
"0","stun.voipzoom.com"
"0","md.mp.microsoft.com.akadns.net"
"0","amer.ng.msg.teams.microsoft.com"
"0","cdn-settings.segment.com"
"0","img.stb.s-msn.com"
"0","intuit.com"
"0","cyneburg-yam.com"
"0","e5413.g.akamaiedge.net"
"0","ravenjs.com"
"0","cdn.ravenjs.com"
"0","gsacollections-pa.googleapis.com"
"0","adservice.google.com.vn"
"0","spotify.map.fastly.net"
"0","i.vimeocdn.com"
"0","e.serverbid.com"
"0","leaderboards.xboxlive.com"
"0","ls3-apple.com.akadns.net"
"0","apps.nexus.bazaarvoice.com"
"0","gsp-ssl-v2.ls3-apple.com.akadns.net"
"0","adfarm.mediaplex.com"
"0","eqads.com"
"0","secb2b.com"
"0","p13nlog-1106815646.us-east-1.elb.amazonaws.com"
"0","api-glb-lax.smoot.apple.com"
"0","www.tumblr.com"
"0","ams1-ib.adnxs.com"
"0","trc.taboola.map.fastly.net"
"0","okta.com"
"0","cont-1.p-cdn.us"
"0","cootlogix.com"
"0","offerpropp.com"
"0","disk.yandex.net"
"0","tmnsync.target.com"
"0","um2.eqads.com"
"0","zencdn.net"
"0","vjs.zencdn.net"
"0","admedo.com"
"0","mmstat.com"
"0","gsp51-ssl.ls.apple.com"
"0","sports.yahoo.com"
"0","autoupdate.geo.opera.com"
"0","e6603.g.akamaiedge.net"
"0","collect.tealiumiq.com"
"0","us-east-1.aiv-delivery.net"
"0","www.mozilla.org"
"0","mppmnetwork.com"
"0","steam-chat.com"
"0","probe-ixanycast-isp.prod.ftl.netflix.com"
"0","samsungcloudcdn.com"
"0","mobile.launchdarkly.com"
"0","updates.webroot.com"
"0","vast.doubleverify.com"
"0","cdn-store-icons-highwinds-prd.unityads.unity3d.com"
"0","imtwjwoasak.com"
"0","probe-cell4.prod.ftl.netflix.com"
"0","xtrapath2.izatcloud.net"
"0","jpush.io"
"0","sis.jpush.io"
"0","pool.admedo.com"
"0","dcs-edge-usw2-620097651.us-west-2.elb.amazonaws.com"
"0","snap.events.mapbox.com"
"0","apk.v-mate.mobi"
"0","alibabadns.com"
"0","g.geogslb.com"
"0","geogslb.com"
"0","imp.control.kochava.com"
"0","z-p42-instagram.c10r.facebook.com"
"0","global.map.fastly.net"
"0","pinterest.global.map.fastly.net"
"0","prod.pinterest.global.map.fastly.net"
"0","products.webroot.com"
"0","proddata.xobni.yahoo.com"
"0","api.github.com"
"0","openrtb.cootlogix.com"
"0","probe-cell5.prod.ftl.netflix.com"
"0","probe-cell6.prod.ftl.netflix.com"
"0","acr0.samsungcloudsolution.com"
"0","oempprd.samsungcloudsolution.com"
"0","infolinks.com"
"0","cdnegc.trafficfactory.biz"
"0","nl.eu.criteo.net"
"0","aidc.apple.com"
"0","vidanalytics.taboola.com"
"0","api.viglink.com"
"0","csm.nl.eu.criteo.net"
"0","titlehub.xboxlive.com"
"0","api.us-east-1.aiv-delivery.net"
"0","gql.twitch.tv"
"0","fr.eu.criteo.net"
"0","swrve.com"
"0","cm.ushareit.com"
"0","csm.fr.eu.criteo.net"
"0","rtb-us-east1.openx.net"
"0","c.riskified.com"
"0","cdn.navdmp.com"
"0","alcmpn.com"
"0","rtmark.net"
"0","cl2-cdn.origin-apple.com.akadns.net"
"0","my.rtmark.net"
"0","vtrk.doubleverify.com"
"0","amazonsilk.com"
"0","service.amazonsilk.com"
"0","rqmob.com"
"0","browserapps.amazon.com"
"0","profile.gc-apple.com.akadns.net"
"0","outbrain.map.fastlylb.net"
"0","prod.outbrain.map.fastlylb.net"
"0","jucysh.com"
"0","libs.outbrain.com"
"0","gbc.criteo.com"
"0","ccleaner.tools.avcdn.net"
"0","aws.rubiconproject.com"
"0","usadmm-ds.dotomi.com"
"0","occ-0-2774-2773.1.nflxso.net"
"0","ubp-common-us-prod.s3.amazonaws.com"
"0","loc.map.baidu.com"
"0","stats.aws.rubiconproject.com"
